{
  "fft": {
    "2": {
      "0.99": 0.008849557522123894, 
      "1.0": 0.9911504424778761
    }, 
    "3": {
      "0.99": 0.008849557522123894, 
      "0.999": 0.07079646017699115, 
      "1.0": 0.9203539823008849
    }, 
    "4": {
      "0.99": 0.008849557522123894, 
      "0.9999": 0.1415929203539823, 
      "1.0": 0.8495575221238938
    }, 
    "5": {
      "0.99": 0.008849557522123894, 
      "0.999": 0.07079646017699115, 
      "0.99999": 0.07079646017699115, 
      "1.0": 0.8495575221238938
    }, 
    "6": {
      "0.99": 0.008849557522123894, 
      "0.999": 0.07079646017699115, 
      "0.99999": 0.07079646017699115, 
      "1.0": 0.8495575221238938
    }, 
    "7": {
      "0.99": 0.008849557522123894, 
      "0.999": 0.07079646017699115, 
      "0.99999": 0.07079646017699115, 
      "0.9999999": 0.19469026548672566, 
      "1.0": 0.6548672566371682
    }, 
    "8": {
      "0.99": 0.008849557522123894, 
      "0.999": 0.07079646017699115, 
      "0.999999": 0.07079646017699115, 
      "0.9999999": 0.3893805309734513, 
      "0.99999999": 0.26548672566371684, 
      "1.0": 0.19469026548672566
    }, 
    "9": {
      "0.99": 0.008849557522123894, 
      "0.999": 0.07079646017699115, 
      "0.99999": 0.07079646017699115, 
      "0.99999999": 0.26548672566371684, 
      "0.999999999": 0.3893805309734513, 
      "1.0": 0.19469026548672566
    }, 
    "asterisks": [], 
    "continuous": {
      "0.99": 0.008849557522123894, 
      "0.998046875": 0.07079646017699115, 
      "0.9990234375": 0.07079646017699115, 
      "0.99951171875": 0.07079646017699115, 
      "0.9999999": 0.7787610619469026
    }
  }, 
  "imagefill": {
    "2": {
      "0.99": 0.4691035683202785, 
      "1.0": 0.5308964316797214
    }, 
    "3": {
      "0.99": 0.46808510638297873, 
      "1.0": 0.5319148936170213
    }, 
    "4": {
      "0.99": 0.46808510638297873, 
      "1.0": 0.5319148936170213
    }, 
    "5": {
      "0.99": 0.4688995215311005, 
      "1.0": 0.5311004784688995
    }, 
    "6": {
      "0.99": 0.7689665044374463, 
      "1.0": 0.23103349556255368
    }, 
    "7": {
      "0.99": 0.7555020632737276, 
      "1.0": 0.24449793672627235
    }, 
    "8": {
      "0.99": 0.7635772357723577, 
      "1.0": 0.23642276422764227
    }, 
    "9": {
      "0.99": 0.7143423137876387, 
      "1.0": 0.2856576862123613
    }, 
    "asterisks": [], 
    "continuous": {
      "0.0625": 4.979583706802111e-05, 
      "0.9090909957885742": 0.26854894930783785, 
      "0.90911865234375": 0.26854894930783785, 
      "1.0": 0.40957075988447367, 
      "6.103515625e-05": 0.05328154566278259
    }
  }, 
  "lu": {
    "2": {
      "1.0": 1.0
    }, 
    "3": {
      "1.0": 1.0
    }, 
    "4": {
      "0.9999": 0.0016, 
      "1.0": 0.9984
    }, 
    "5": {
      "0.9999": 0.0016, 
      "1.0": 0.9984
    }, 
    "6": {
      "0.9999": 0.0016, 
      "0.999999": 0.912, 
      "1.0": 0.0864
    }, 
    "7": {
      "0.9999": 0.0016, 
      "0.999999": 0.912, 
      "1.0": 0.0864
    }, 
    "8": {
      "0.9999": 0.0016, 
      "0.999999": 0.912, 
      "1.0": 0.0864
    }, 
    "9": {
      "0.9999": 0.0016, 
      "0.999999": 0.912, 
      "1.0": 0.0864
    }, 
    "asterisks": [], 
    "continuous": {
      "0.99951171875": 0.0016, 
      "0.9999999403953552": 0.456, 
      "0.9999999701976776": 0.456, 
      "0.9999999999999432": 0.0144, 
      "1.0": 0.072
    }
  }, 
  "mc": {
    "2": {
      "0.99": 0.3333333333333333, 
      "1.0": 0.6666666666666666
    }, 
    "3": {
      "0.99": 0.3333333333333333, 
      "1.0": 0.6666666666666666
    }, 
    "4": {
      "0.99": 0.3333333333333333, 
      "0.9999": 0.6666666666666666
    }, 
    "5": {
      "0.99": 0.3333333333333333, 
      "0.9999": 0.6666666666666666
    }, 
    "6": {
      "0.99": 0.3333333333333333, 
      "0.9999": 0.6666666666666666
    }, 
    "7": {
      "0.99": 0.3333333333333333, 
      "0.9999": 0.6666666666666666
    }, 
    "8": {
      "0.99": 0.3333333333333333, 
      "0.9999": 0.6666666666666666
    }, 
    "9": {
      "0.99": 0.3333333333333333, 
      "0.9999": 0.6666666666666666
    }, 
    "asterisks": [], 
    "continuous": {
      "0.9921875": 0.3333333333333333, 
      "0.998046875": 0.3333333333333333, 
      "0.99951171875": 0.3333333333333333
    }
  }, 
  "simpleRaytracer": {
    "2": {
      "0.99": 0.5, 
      "1.0": 0.5
    }, 
    "3": {
      "0.99": 0.5, 
      "1.0": 0.5
    }, 
    "4": {
      "0.99": 0.49999630886438523, 
      "0.9999": 0.2500055367034222, 
      "1.0": 0.24999815443219262
    }, 
    "5": {
      "0.99": 0.499963071469017, 
      "0.999": 0.12506462492922032, 
      "0.9999": 0.12499076786725424, 
      "0.99999": 0.12499076786725424, 
      "1.0": 0.12499076786725424
    }, 
    "6": {
      "0.99": 0.6249569181987376, 
      "0.999": 0.2500516981615149, 
      "1.0": 0.12499138363974752
    }, 
    "7": {
      "0.99": 0.6249615360945289, 
      "0.999": 0.2500461566865653, 
      "1.0": 0.12499230721890578
    }, 
    "8": {
      "0.99": 0.749948301838485, 
      "0.999": 0.12506031452176739, 
      "1.0": 0.12499138363974752
    }, 
    "9": {
      "0.99": 0.7499630778319303, 
      "0.999": 0.125043075862748, 
      "1.0": 0.12499384630532172
    }, 
    "asterisks": [], 
    "continuous": {
      "0.9375": 0.12499815433681631, 
      "0.96875": 0.12499815433681631, 
      "0.999755859375": 0.25001107397910216, 
      "0.9999923706054688": 0.12499815433681631, 
      "0.9999997615814209": 0.12499815433681631, 
      "0.9999999403953552": 0.12499815433681631, 
      "1.0": 0.12499815433681631
    }
  }, 
  "smm": {
    "2": {
      "1.0": 1.0
    }, 
    "3": {
      "1.0": 1.0
    }, 
    "4": {
      "1.0": 1.0
    }, 
    "5": {
      "1.0": 1.0
    }, 
    "6": {
      "1.0": 1.0
    }, 
    "7": {
      "1.0": 1.0
    }, 
    "8": {
      "0.99999999": 1.0
    }, 
    "9": {
      "0.99999999": 1.0
    }, 
    "asterisks": [], 
    "continuous": {
      "0.9999961853027344": 1.0
    }
  }, 
  "sor": {
    "2": {
      "0.99": 0.4999739596895995, 
      "1.0": 0.5000260403104005
    }, 
    "3": {
      "0.99": 0.8332899328159992, 
      "1.0": 0.16671006718400083
    }, 
    "4": {
      "0.99": 0.8332899328159992, 
      "0.9999": 2.6040310400499976e-05, 
      "1.0": 0.16668402687360034
    }, 
    "5": {
      "0.99": 0.16665798656319983, 
      "0.999": 0.33331597312639966, 
      "0.9999": 0.16665798656319983, 
      "0.99999": 0.16668402687360034, 
      "1.0": 0.16668402687360034
    }, 
    "6": {
      "0.99": 0.16665798656319983, 
      "0.999": 0.33331597312639966, 
      "0.9999": 0.16665798656319983, 
      "0.99999": 0.16668402687360034, 
      "0.999999": 2.6040310400499976e-05, 
      "1.0": 0.16665798656319983
    }, 
    "7": {
      "0.99": 0.16665798656319983, 
      "0.999": 0.33331597312639966, 
      "0.9999": 0.16665798656319983, 
      "0.99999": 0.16668402687360034, 
      "0.999999": 2.6040310400499976e-05, 
      "0.9999999": 0.16665798656319983
    }, 
    "8": {
      "0.99": 0.16665798656319983, 
      "0.999": 0.33331597312639966, 
      "0.9999": 0.16665798656319983, 
      "0.99999": 0.16668402687360034, 
      "0.999999": 2.6040310400499976e-05, 
      "0.9999999": 0.16665798656319983
    }, 
    "9": {
      "0.99": 0.16665798656319983, 
      "0.999": 0.33331597312639966, 
      "0.9999": 0.16665798656319983, 
      "0.99999": 0.16668402687360034, 
      "0.999999": 2.6040310400499976e-05, 
      "0.9999999": 0.16665798656319983
    }, 
    "asterisks": [
      5, 
      7, 
      8, 
      6, 
      9
    ], 
    "continuous": {
      "0.984375": 0.16665798656319983, 
      "0.9921875": 0.16665798656319983, 
      "0.998046875": 0.16665798656319983, 
      "0.9990234375": 0.16665798656319983, 
      "0.99993896484375": 0.16665798656319983, 
      "0.999969482421875": 2.6040310400499976e-05, 
      "0.9999980926513672": 2.6040310400499976e-05, 
      "0.9999990463256836": 0.16665798656319983
    }
  },